"Model","AUC"
"logistic",0.982344677578806
"tree",0.905727377125012
"ann",0.958557400181281
"gbm",0.948370214706369
